{
  "a": 0.09235275979031761,
  "b": 0.025084798026518657,
  "c": 0.03126734505087882,
  "d": 0.03781991982732038,
  "e": 0.10271353684859698,
  "f": 0.017190872648781993,
  "g": 0.025346901017576317,
  "h": 0.027135368485969782,
  "i": 0.05795559666975023,
  "j": 0.004486586493987049,
  "k": 0.02320382362010484,
  "l": 0.051973481344434164,
  "m": 0.030465618254702436,
  "n": 0.04551341350601295,
  "o": 0.06842429848905335,
  "p": 0.031128584643848288,
  "q": 0.0017267961763798951,
  "r": 0.0641073080481036,
  "s": 0.10275979031760715,
  "t": 0.05080172679617638,
  "u": 0.03871415356151711,
  "v": 0.010699969164353992,
  "w": 0.016019118100524206,
  "x": 0.004440333024976873,
  "y": 0.031976564909034846,
  "z": 0.006691335183472094
}
